,email,date_of_birth,mobile_no,first_name,last_name,above_18,membership_id
0,Patty_Smith@ross.com,19750827,59428759,Patty,Smith,True,Smithc7677
1,Sean_Wang@gibson-calderon.com,19600311,25595367,Sean,Wang,True,Wang04168
2,Richard_Estrada@malone.com,19921015,22821527,Richard,Estrada,True,Estrada0bf5b
3,Jackson_Cline@hudson.net,19710121,48056519,Jackson,Cline,True,Cline825fb
4,Allen_Williams@sanchez.net,19971109,77991519,Allen,Williams,True,Williams3e726
5,Eric_Flores@dillon-patterson.com,19820701,36641663,Eric,Flores,True,Flores8a42c
6,Anna_Richardson@perry.com,19670223,64083047,Anna,Richardson,True,Richardsonef158
7,Benjamin_Smith@christian-contreras.com,19871223,9583 5639,Benjamin,Smith,True,Smith9625b
8,Taylor_Gomez@johnston.com,19821022,24007567,Taylor,Gomez,True,Gomez876bf
9,Jeremy_Rodriguez@roth.com,19780828,32567967,Jeremy,Rodriguez,True,Rodriguez93ac7
10,April_Garcia@hall.com,19871231,24650447,April,Garcia,True,Garcia26b55
11,Sharon_Garza@duran.com,20020830,59411567,Sharon,Garza,True,Garza40199
12,Lori_Sanchez@hardin-warner.net,19980420,76989167,Lori,Sanchez,True,Sanchez364a7
13,Joseph_Reed@kelley.com,19511220,1879 8163,Joseph,Reed,True,Reed3bc34
14,Jason_Armstrong@curtis.com,19921116,68514503,Jason,Armstrong,True,Armstronge2fb8
15,Jessica_Allison@harper.com,19721030,66821135,Jessica,Allison,True,Allison0c21b
16,Arthur_Hall@gonzalez.com,19941103,65493407,Arthur,Hall,True,Hallb302a
17,Sherry_Meza@west.com,19970904,33491119,Sherry,Meza,True,Mezaaf7be
18,Matthew_Turner@martinez.com,19940707,73291455,Matthew,Turner,True,Turner0303a
19,Jeffrey_Bauer@garza.com,19660813,5115 4803,Jeffrey,Bauer,True,Bauer18f68
20,Sophia_Randolph@leonard-ramirez.com,19500807,94510479,Sophia,Randolph,True,Randolph76c7a
21,Marissa_Matthews@graves.com,19720221,2063 6447,Marissa,Matthews,True,Matthews2a414
22,Samuel_Thompson@sanchez-carroll.com,19840403,99063183,Samuel,Thompson,True,Thompson16040
23,Zachary_Lee@smith.com,19870704,36447751,Zachary,Lee,True,Lee76cce
24,Kara_Pittman@gomez-vaughn.com,19680525,80502567,Kara,Pittman,True,Pittman44c4d
25,Charles_Ruiz@sullivan-jones.com,19680113,8515 8255,Charles,Ruiz,True,Ruiz1546f
26,Rachel_Shaw@stevenson-martinez.com,19581223,6651 1687,Rachel,Shaw,True,Shaw45468
27,James_Miller@nguyen.com,19710831,6491 7031,James,Miller,True,Millerd11a8
28,Gabriella_Anthony@castro.com,19970106,89108943,Gabriella,Anthony,True,Anthonyebd30
29,Misty_Cantrell@flores-decker.com,19570303,79619831,Misty,Cantrell,True,Cantrellb19eb
30,Kelly_Guerrero@riggs.com,19970203,53052583,Kelly,Guerrero,True,Guerrerod55cb
31,David_Nichols@rocha.com,19620819,62269575,David,Nichols,True,Nichols9226a
32,Shawn_Galloway@johnston.com,19850419,17471367,Shawn,Galloway,True,Galloway1a4d2
33,Fernando_Salazar@humphrey.com,19720419,7119 2443,Fernando,Salazar,True,Salazar88b5f
34,Dennis_Sanford@lopez-archer.com,19800806,88084407,Dennis,Sanford,True,Sanfordc7e24
35,Amanda_Murphy@bright-gibbs.net,20000730,30501351,Amanda,Murphy,True,Murphy0851c
36,Bobby_Martin@jackson.com,20000331,43871143,Bobby,Martin,True,Martin35f44
37,Lauren_Jones@castaneda.com,19870724,9651 2831,Lauren,Jones,True,Jones3cea3
38,Vernon_Bishop@clark-larson.com,19730710,78396487,Vernon,Bishop,True,Bishopb0506
39,Phillip_Meyers@mcneil-williams.com,19601022,95409119,Phillip,Meyers,True,Meyers2871d
40,Jeremy_Strickland@adkins.com,19501223,2015 1487,Jeremy,Strickland,True,Stricklandc13f0
41,Robert_Martin@crawford.com,19500718,78547615,Robert,Martin,True,Martin6f48d
42,Marc_Davis@harris.com,19800520,9659 7403,Marc,Davis,True,Davis7d08d
43,William_Taylor@warner-morgan.net,19860131,42996791,William,Taylor,True,Taylor4fbc5
44,Alyssa_Pierce@ruiz.com,19680516,9583 9991,Alyssa,Pierce,True,Pierce133dc
45,Michael_Brady@wells-sanders.com,19500323,65342263,Michael,Brady,True,Bradybd431
46,James_Rhodes@green.com,19771010,27465295,James,Rhodes,True,Rhodesdf266
47,Ryan_Ramirez@pham.com,19850425,67907071,Ryan,Ramirez,True,Ramirez5ff32
48,Stephen_Thompson@hess.com,19511112,75033031,Stephen,Thompson,True,Thompson52cd0
49,Susan_Williams@rowland.com,19760512,95688383,Susan,Williams,True,Williams446e0
50,Nancy_Aguilar@lane.com,19950811,9751 6423,Nancy,Aguilar,True,Aguilarad5a0
51,Jessica_Williams@thomas-martin.com,19730824,2647 2931,Jessica,Williams,True,Williamsb7835
52,Dylan_Johnson@montgomery.com,19960107,52048815,Dylan,Johnson,True,Johnsond53b7
53,Pamela_King@soto.net,19930929,72515095,Pamela,King,True,King01148
54,Robert_Smith@joyce.com,19870424,76366335,Robert,Smith,True,Smith634dd
55,Samantha_Gonzalez@rios-fletcher.com,19980829,40456647,Samantha,Gonzalez,True,Gonzalez31e9a
56,Terry_Pierce@warner-reyes.com,19640910,9151 8459,Terry,Pierce,True,Pierce68d7c
57,Jeffery_Walker@watson.com,19560624,46574799,Jeffery,Walker,True,Walkerba5b7
58,Todd_Alvarez@vaughn.com,19741125,42011263,Todd,Alvarez,True,Alvarez7bc5d
59,Brett_Willis@gibbs.com,19610908,86342007,Brett,Willis,True,Willisd0046
60,Louis_Klein@phillips-allen.com,19651220,3367 1863,Louis,Klein,True,Klein43163
61,Kristin_Wilkins@harvey.com,20020511,84393855,Kristin,Wilkins,True,Wilkins48a0a
62,Joshua_Lynch@daniels.com,19650526,71572839,Joshua,Lynch,True,Lynch49515
63,Deborah_Williams@howard.com,19841121,11357647,Deborah,Williams,True,Williamse69d3
64,Sarah_Bright@winters.com,19981115,24327743,Sarah,Bright,True,Bright776f9
65,Rebecca_Anderson@carter-ramirez.com,19730827,27023231,Rebecca,Anderson,True,Anderson48071
66,Roger_Frost@cole-robinson.com,19700217,94120431,Roger,Frost,True,Frost5ba4a
67,Toni_Dunn@chapman.com,19800831,8967 4459,Toni,Dunn,True,Dunn8edbe
68,Eric_Dunn@reese.com,19600712,13714207,Eric,Dunn,True,Dunnae8e6
69,Heather_Pierce@williams-edwards.com,19570813,32413999,Heather,Pierce,True,Pierce1096d
70,Jordan_Erickson@martinez.com,19750802,64756655,Jordan,Erickson,True,Erickson6b984
71,Susan_Ali@leach.com,19990105,74229143,Susan,Ali,True,Alif361f
72,Richard_Wilson@hernandez.com,19990703,36349175,Richard,Wilson,True,Wilsonf0626
73,Jon_Butler@blackwell.com,19870318,78121695,Jon,Butler,True,Butlera60e8
74,Paul_Phillips@vance.com,19970216,11213063,Paul,Phillips,True,Phillips01acd
75,Adam_Parker@yoder.com,19980722,27783391,Adam,Parker,True,Parker5ebc0
76,Cory_Walker@torres.net,19621208,37614935,Cory,Walker,True,Walkera21be
77,Jeffrey_Sanchez@jones-butler.com,19950914,73226919,Jeffrey,Sanchez,True,Sanchezcf3c9
78,Bianca_Martin@mitchell.com,19780205,86924127,Bianca,Martin,True,Martin7bf56
79,Jeffrey_King@hicks-boyd.com,19770623,68622991,Jeffrey,King,True,King2f8a4
80,Shelly_Mcdaniel@little.com,19951028,8659 9403,Shelly,Mcdaniel,True,Mcdanielab5b4
81,Melanie_Wiggins@mcdonald-rice.com,20000214,91699615,Melanie,Wiggins,True,Wigginsc46e0
82,Daniel_Smith@cummings.com,19860308,26613823,Daniel,Smith,True,Smithe0b77
83,Christopher_Smith@lamb.com,19810707,4259 4715,Christopher,Smith,True,Smith216c5
84,Marc_Love@martin.com,19550722,9679 6419,Marc,Love,True,Love95197
85,Scott_Lawrence@aguilar.com,19760104,59217375,Scott,Lawrence,True,Lawrencefbccd
86,James_Sosa@robles-hawkins.com,19571108,47053447,James,Sosa,True,Sosa8de3e
87,Jamie_Jackson@carr.com,19770526,71512687,Jamie,Jackson,True,Jacksonb5943
88,Jeffrey_Hatfield@morgan-erickson.com,19701014,69441735,Jeffrey,Hatfield,True,Hatfieldbf691
89,James_Phillips@green-taylor.com,19611019,89808183,James,Phillips,True,Phillipsc68d2
90,Jessica_Moore@harrison-bautista.com,19990509,27155335,Jessica,Moore,True,Moore6e3b7
91,Debra_Peters@smith.com,19820804,6911 5179,Debra,Peters,True,Peters6955e
92,Richard_Anderson@peck-franklin.com,19700405,24730327,Richard,Anderson,True,Anderson6c12a
93,Lauren_Hahn@simmons.com,19720620,15132727,Lauren,Hahn,True,Hahn38908
94,Joseph_Perez@ryan.com,19740909,6187 6187,Joseph,Perez,True,Pereza30c9
95,Faith_Edwards@price.net,19770726,44653063,Faith,Edwards,True,Edwards96edd
96,Laura_Vargas@gallagher-young.com,19771009,40816943,Laura,Vargas,True,Vargas0365e
97,Sarah_Lewis@wyatt.com,19810225,37945839,Sarah,Lewis,True,Lewisf236b
98,Brad_Huff@moore.com,19611227,28207575,Brad,Huff,True,Huff88806
99,Thomas_Sanchez@cunningham-reid.net,19570914,2399 4083,Thomas,Sanchez,True,Sancheza1536
100,Alexander_Richardson@perez.com,19581025,34675335,Alexander,Richardson,True,Richardsone102e
101,Joseph_Howard@williams.com,19520726,46746383,Joseph,Howard,True,Howard99bdb
102,Jacqueline_Phillips@larson.com,19880118,5579 3915,Jacqueline,Phillips,True,Phillips3268f
103,Anne_Richards@mccarthy.com,19690906,84963423,Anne,Richards,True,Richards9e514
104,Derek_Thomas@green.com,19640724,37329863,Derek,Thomas,True,Thomasa6b2a
105,Joseph_Bonilla@freeman.com,19740508,66912183,Joseph,Bonilla,True,Bonilla07c60
106,Gary_Barber@roberts.net,19551112,44790343,Gary,Barber,True,Barber8e448
107,Brian_Johnson@carr.com,19810617,76631695,Brian,Johnson,True,Johnson01409
108,Christine_Peterson@hamilton.com,19741119,57627175,Christine,Peterson,True,Petersond3043
109,Christopher_Bautista@rodgers.com,19941202,48834663,Christopher,Bautista,True,Bautistaf2b74
110,Barbara_Krueger@strong.com,19520322,30905343,Barbara,Krueger,True,Kruegerf41b0
111,Monica_Oconnor@gordon.com,19800701,97887295,Monica,Oconnor,True,Oconnorefac7
112,Peggy_Johnson@berg.com,19720328,34795631,Peggy,Johnson,True,Johnson317e0
113,Susan_Herrera@gomez.com,19550826,24027735,Susan,Herrera,True,Herrera2275e
114,Andrew_Matthews@ramos-vaughn.com,19880219,90821359,Andrew,Matthews,True,Matthews33105
115,Erin_Kennedy@hendricks-mason.com,19650109,35865639,Erin,Kennedy,True,Kennedye1e07
116,Jason_Lopez@wood-hill.com,19740830,11287127,Jason,Lopez,True,Lopezad64b
117,Jerry_Clark@perez.com,19950928,46859655,Jerry,Clark,True,Clark850e2
118,Alyssa_Kim@beck-zuniga.com,19900811,59732335,Alyssa,Kim,True,Kimbc531
119,Courtney_Williams@garner.com,19990919,27598999,Courtney,Williams,True,Williams225d6
120,Kevin_Haynes@jones.com,19690624,7543 3787,Kevin,Haynes,True,Haynesd74e4
121,John_Hicks@weber.com,19530912,9539 5487,John,Hicks,True,Hicksc3ab0
122,Eric_Kennedy@mcdonald.com,19990522,7799 4331,Eric,Kennedy,True,Kennedyb93e8
123,Matthew_Nelson@hunt.com,19580127,45515247,Matthew,Nelson,True,Nelson49b51
124,Carolyn_Glover@walker.com,19790714,8783 2791,Carolyn,Glover,True,Glover9a700
125,Robert_Moore@young.com,19550415,19512199,Robert,Moore,True,Moorebd6b1
126,Nicole_Mcgee@reyes.com,19590303,34539135,Nicole,Mcgee,True,Mcgee84007
127,Danielle_Hunter@ballard.com,19710811,99947039,Danielle,Hunter,True,Hunterc76d0
128,Kelly_Perez@ward-wilson.com,19600519,60614735,Kelly,Perez,True,Perez016c7
129,Mary_Odom@morgan-reynolds.com,19630813,98738367,Mary,Odom,True,Odome8796
130,Arthur_Gibson@thompson-thompson.com,19610603,75411807,Arthur,Gibson,True,Gibsona7c50
131,Katherine_Brennan@garcia.net,19771113,3791 8255,Katherine,Brennan,True,Brennanfbe29
132,Christopher_Miller@kelly.com,19850131,16222031,Christopher,Miller,True,Miller5a80b
133,Amber_Hopkins@hall.com,19750831,15289039,Amber,Hopkins,True,Hopkins7c2f6
134,Christine_Lara@barnes-lee.com,19590103,7771 6475,Christine,Lara,True,Lara05622
135,Nancy_Garcia@lewis-hayden.com,19680305,62971303,Nancy,Garcia,True,Garcia76b84
136,Alex_Rhodes@russell.net,19780913,75808519,Alex,Rhodes,True,Rhodesa5121
137,Daniel_Bennett@stephens-oneill.com,19730228,20776023,Daniel,Bennett,True,Bennett1ed65
138,Kevin_Woodard@lynch.com,19550809,30319911,Kevin,Woodard,True,Woodard0dee6
139,Todd_Wheeler@woods.com,19960904,5035 6375,Todd,Wheeler,True,Wheeler62b5f
140,Linda_Woods@diaz.com,19611127,8119 5711,Linda,Woods,True,Woods5e5f2
141,Alan_Peterson@burch.com,19760129,88993663,Alan,Peterson,True,Peterson9e709
142,Jacob_Grant@cummings.com,19911204,94196575,Jacob,Grant,True,Grant46694
143,Gabrielle_Johnson@serrano.com,19581006,35424207,Gabrielle,Johnson,True,Johnsonfcba1
144,Anne_Howard@rowe.com,19690610,3519 8251,Anne,Howard,True,Howard45839
145,Caleb_Morales@collins.com,19660329,69459679,Caleb,Morales,True,Morales0598c
146,James_Dominguez@black.com,19881205,49527207,James,Dominguez,True,Domingueze2663
147,Kathryn_Cardenas@skinner.com,19830508,81016239,Kathryn,Cardenas,True,Cardenas35ae4
148,Jeffrey_Santiago@duncan.com,19750228,93827623,Jeffrey,Santiago,True,Santiago5cbec
149,Andrew_Mclaughlin@fitzpatrick-lucas.com,19730514,66417719,Andrew,Mclaughlin,True,Mclaughlinb2423
150,Bryan_Porter@elliott.com,19570214,88089671,Bryan,Porter,True,Portere9e42
151,Brendan_Smith@williams.com,19580516,67839775,Brendan,Smith,True,Smith750a9
152,Amy_Wilson@cortez.net,19740412,6439 2323,Amy,Wilson,True,Wilson09540
153,David_Clark@fleming.com,19850801,4483 4223,David,Clark,True,Clarkf30a3
154,Erika_Joseph@romero.com,19810303,5107 5039,Erika,Joseph,True,Josephf0dcb
155,Jeffrey_Hernandez@mcdaniel.com,19891231,76263607,Jeffrey,Hernandez,True,Hernandezf3251
156,Michael_Miller@taylor-moore.com,19640520,17581687,Michael,Miller,True,Miller375ad
157,Theresa_Newman@perry-scott.com,19941129,36575799,Theresa,Newman,True,Newman069d1
158,Paul_Romero@middleton-jones.com,19601007,98843943,Paul,Romero,True,Romero7ffde
159,Kathleen_Ramirez@banks-wright.com,19550829,4035 1711,Kathleen,Ramirez,True,Ramirez04ceb
160,Janet_Choi@neal.com,19860718,66675695,Janet,Choi,True,Choie37de
161,Mark_Bender@oneal-wilkins.com,19690911,27354911,Mark,Bender,True,Benderb8ade
162,Abigail_Brown@jones-underwood.com,19801008,15726143,Abigail,Brown,True,Brownb08b0
163,Antonio_Dominguez@nichols.com,19801115,75861007,Antonio,Dominguez,True,Dominguez821d7
164,Tony_Morris@davis.com,19700805,33280551,Tony,Morris,True,Morris1057d
165,Randy_Carlson@rivera.com,19550530,51211679,Randy,Carlson,True,Carlsond8db2
166,Mitchell_Pierce@houston-conway.net,20010824,96845551,Mitchell,Pierce,True,Pierce7e42c
167,Angela_West@anderson-fitzgerald.com,19810427,59397207,Angela,West,True,West0afba
168,Sherry_Lyons@carson-copeland.com,19980902,4767 2835,Sherry,Lyons,True,Lyons5c73e
169,Jennifer_Butler@arellano-morris.com,19511118,1607 9075,Jennifer,Butler,True,Butlerc810e
170,Kevin_Peters@edwards.com,19670206,28855487,Kevin,Peters,True,Petersc9aea
171,Benjamin_Conway@burton-paul.com,19551228,23338319,Benjamin,Conway,True,Conwayb14b9
172,Noah_Mccarty@rios-oneill.com,19650620,6471 8427,Noah,Mccarty,True,Mccarty6f29c
173,Andrew_Stewart@wong.com,19510212,19799879,Andrew,Stewart,True,Stewart5a9fe
174,Brenda_Jones@lang.com,19550804,62608823,Brenda,Jones,True,Jonese27fe
175,Jerry_Shannon@sweeney-gibbs.com,19510505,8623 9787,Jerry,Shannon,True,Shannon6484d
176,Blake_Brown@george-kelly.net,19570615,3483 5327,Blake,Brown,True,Brown75572
177,Michael_Bowers@klein-barry.com,20020903,7007 4031,Michael,Bowers,True,Bowers29d22
178,Elizabeth_Bailey@stephenson-arnold.com,19630101,20218071,Elizabeth,Bailey,True,Bailey5c8a5
179,James_Cruz@bender-harris.com,19500730,1875 8595,James,Cruz,True,Cruza17c6
180,Kelly_Levy@barajas.com,19940508,74468255,Kelly,Levy,True,Levyb4299
181,Thomas_Burton@dunn-avery.net,19750419,14613071,Thomas,Burton,True,Burtone624b
182,Kimberly_Garcia@tapia.com,19630801,4139 7407,Kimberly,Garcia,True,Garciaea09c
183,Paul_Peterson@bullock.com,20021225,59148863,Paul,Peterson,True,Petersonc41f4
184,Michael_Reilly@cooper.net,19720514,33876967,Michael,Reilly,True,Reilly1c829
185,Alejandra_Martinez@jones.com,19791221,87381327,Alejandra,Martinez,True,Martinezd6f6b
186,Timothy_Sanders@harrell.com,19521003,63453583,Timothy,Sanders,True,Sanderse813f
187,Latoya_Little@martinez.com,19780807,43404335,Latoya,Little,True,Littlec16bd
188,Sarah_Harvey@martin-smith.com,19600331,58520471,Sarah,Harvey,True,Harvey119d2
189,Aaron_Hansen@mckinney.com,19980128,5163 9887,Aaron,Hansen,True,Hansendf29c
190,Melissa_Ortiz@lee-malone.com,19580729,49637727,Melissa,Ortiz,True,Ortiz84be0
191,Brooke_Hernandez@benitez.com,19911114,97309975,Brooke,Hernandez,True,Hernandezbcb5b
192,Lisa_Livingston@glover.com,19500423,20519415,Lisa,Livingston,True,Livingston19295
193,Eugene_Mason@gardner.com,19781213,47810855,Eugene,Mason,True,Mason6bc9b
194,Daniel_Cunningham@cooper.com,19730326,78657983,Daniel,Cunningham,True,Cunningham12799
195,Alex_Smith@johnson.com,20020503,58965703,Alex,Smith,True,Smith894dd
196,Charles_Jennings@cochran.net,19750714,7091 3863,Charles,Jennings,True,Jennings18c5d
197,Jessica_Vargas@miller-price.net,19810517,48925903,Jessica,Vargas,True,Vargased53f
198,Olivia_Clark@wade-roberson.com,19741001,67793735,Olivia,Clark,True,Clark92a9e
199,Ricky_Allen@roberts-mendoza.com,19610619,6143 3467,Ricky,Allen,True,Allen3a518
200,Cathy_Carney@williams.net,19970522,31104151,Cathy,Carney,True,Carney0d73a
201,Ashley_Spencer@anderson.com,19910126,6855 5775,Ashley,Spencer,True,Spencerc60e6
202,Victoria_Strickland@mccarthy-stewart.com,19530730,3159 5971,Victoria,Strickland,True,Stricklandc68d2
203,Patrick_Smith@molina.net,19720129,7639 8335,Patrick,Smith,True,Smith5b12e
204,Samuel_West@johnson-ryan.net,20020627,5035 4899,Samuel,West,True,West15f40
205,Haley_Baldwin@bush-wolfe.com,19650413,31940631,Haley,Baldwin,True,Baldwinb3439
206,Alexander_Wilson@barron-garcia.com,19881111,13893319,Alexander,Wilson,True,Wilson51998
207,April_Cole@vargas.com,19610622,65186503,April,Cole,True,Cole2b0a2
208,Holly_Riley@stokes.com,19740728,55620431,Holly,Riley,True,Riley3e1f8
209,Jeffrey_Poole@cross.com,19570204,82077439,Jeffrey,Poole,True,Poole23f28
210,Rachel_Poole@jones.net,19760708,35095087,Rachel,Poole,True,Poolec5b79
211,Sheena_Ward@wilson-mcbride.com,19730926,96834175,Sheena,Ward,True,Ward57d0c
212,Cynthia_Smith@smith.com,19510905,48760255,Cynthia,Smith,True,Smith9f8dc
213,Kevin_Clayton@miller.com,19750708,25081071,Kevin,Clayton,True,Clayton7f5be
214,Deanna_Smith@cooke.com,19510416,5039 5271,Deanna,Smith,True,Smith774d5
215,Sarah_Coleman@novak.com,19500119,37411775,Sarah,Coleman,True,Colemandb259
216,Kurt_Butler@taylor.net,19640621,4339 4675,Kurt,Butler,True,Butler19820
217,Cody_Becker@hansen.com,19601216,76003567,Cody,Becker,True,Beckerdd317
218,Molly_Miller@king-kelly.net,19771105,99947663,Molly,Miller,True,Miller4ae09
219,Craig_Bailey@hancock-brown.com,19970713,33032303,Craig,Bailey,True,Baileyfac5d
220,Patricia_Gray@dawson.com,19660319,18281751,Patricia,Gray,True,Gray00c0a
221,Robert_Rivera@gibson.com,19500722,35020847,Robert,Rivera,True,Rivera6a7ce
222,Michelle_Lewis@wiggins-thornton.com,19830121,64700455,Michelle,Lewis,True,Lewisafe1c
223,John_Owens@callahan.com,19670424,71230983,John,Owens,True,Owens4cd37
224,Sarah_Smith@kirk.com,19680804,22702359,Sarah,Smith,True,Smith313dd
225,Nancy_Lucas@aguilar.com,19830706,91477863,Nancy,Lucas,True,Lucas94653
226,Christina_Murray@collins-day.com,19791217,35027583,Christina,Murray,True,Murraya46c7
227,Emma_Berry@charles.com,19940107,34612959,Emma,Berry,True,Berryc02ad
228,Jason_Hawkins@adams-hunter.com,19541001,31750255,Jason,Hawkins,True,Hawkins8aa4f
229,Jeffrey_Rodriguez@johnson-white.com,19690718,29947599,Jeffrey,Rodriguez,True,Rodriguez84bf3
230,Christina_Miller@marshall-lucas.com,19530425,92153503,Christina,Miller,True,Miller84bb3
231,Maria_Miller@roberts.com,19941221,86317751,Maria,Miller,True,Miller208dd
232,Eileen_Davis@knox.com,19520404,19544735,Eileen,Davis,True,Davis3a81f
233,John_Kelley@george-barker.com,19960928,9991 9107,John,Kelley,True,Kelley336ba
234,Harry_Miller@warner-jackson.com,19890613,63478047,Harry,Miller,True,Miller4e2a7
235,Ellen_Montes@sellers.com,19610714,16519759,Ellen,Montes,True,Montes29eaa
236,Gregory_Mclean@valencia.com,19610801,38860951,Gregory,Mclean,True,Mclean3b78d
237,Angela_Spencer@lopez.com,19980502,18410783,Angela,Spencer,True,Spencer071ed
238,Christina_Price@kennedy-tran.com,19860508,65381695,Christina,Price,True,Pricefb35b
239,Michael_Morris@nelson.net,19790924,6295 9695,Michael,Morris,True,Morris05ed3
240,Amber_Randall@boyd-freeman.net,19520910,60506343,Amber,Randall,True,Randallfe7f8
241,Matthew_Morris@boyle-novak.com,19981111,49822607,Matthew,Morris,True,Morrisf9657
242,Cindy_Blackburn@bolton.net,20001008,86098071,Cindy,Blackburn,True,Blackburn0c5fb
243,Matthew_Jacobson@bishop-thomas.com,19510412,99110191,Matthew,Jacobson,True,Jacobson496c2
244,Stacy_Jones@perez.com,19940909,71998399,Stacy,Jones,True,Jonesc6f5d
245,Scott_Zimmerman@fischer.com,19560130,70071511,Scott,Zimmerman,True,Zimmerman881d6
246,Dakota_Silva@barker-miller.com,19790710,41853599,Dakota,Silva,True,Silvafff90
247,Jacob_Spencer@jefferson.net,19620226,41992359,Jacob,Spencer,True,Spencerd5b01
248,Barbara_Hudson@robinson-jones.com,19971028,3319 4551,Barbara,Hudson,True,Hudson9d670
249,Sherry_Peterson@dillon-barber.com,19691126,9191 6671,Sherry,Peterson,True,Petersonc30b8
250,Austin_Bird@young-stout.com,19760515,5371 3179,Austin,Bird,True,Bird86853
251,Matthew_Oliver@mitchell.com,19720423,14016935,Matthew,Oliver,True,Oliver94edc
252,Roger_Maddox@richards.com,19810426,86988519,Roger,Maddox,True,Maddox6974f
253,Kristin_Higgins@leonard.com,19981219,5807 1267,Kristin,Higgins,True,Higginsbc84f
254,Gilbert_Johnson@jones.com,19850923,9719 1811,Gilbert,Johnson,True,Johnsone0381
255,Bryan_Gutierrez@short-huerta.net,19881118,84795039,Bryan,Gutierrez,True,Gutierrezc61e8
256,Peter_Schultz@shah.com,19570829,78301895,Peter,Schultz,True,Schultz5fff4
257,Karen_Smith@washington.com,19630505,9103 6383,Karen,Smith,True,Smith473c4
258,Justin_Burke@johnson.com,19960212,43401655,Justin,Burke,True,Burkea32e6
259,Sarah_Ramsey@hayes.com,19640622,63376279,Sarah,Ramsey,True,Ramsey4c3e8
260,Michael_Chang@watkins.com,19900209,99632783,Michael,Chang,True,Change27c8
261,Pamela_Hughes@rivas-garza.com,19570116,32117783,Pamela,Hughes,True,Hughesbf91b
262,Jimmy_Morris@hall-watkins.com,19640120,31836895,Jimmy,Morris,True,Morris25892
263,Lauren_Romero@davis.com,20020425,50100783,Lauren,Romero,True,Romeroe5750
264,Adam_Jones@kline-reeves.com,19570107,83246639,Adam,Jones,True,Jones2b07e
265,Michelle_Kidd@klein-goodman.com,19500222,8051 1627,Michelle,Kidd,True,Kiddad962
266,Matthew_Murphy@graham.com,19600216,18189831,Matthew,Murphy,True,Murphy5dc4e
267,Jessica_Arroyo@flores-evans.com,20021019,24971015,Jessica,Arroyo,True,Arroyoa6982
268,Caleb_Zuniga@stone.net,19681028,36180711,Caleb,Zuniga,True,Zunigaa2d94
269,Kenneth_Walton@anderson.com,19950309,9335 8011,Kenneth,Walton,True,Waltondc147
270,Cheyenne_Moreno@hampton.com,19600912,61341887,Cheyenne,Moreno,True,Moreno8048c
271,Courtney_Lopez@sanders.com,19710810,35323391,Courtney,Lopez,True,Lopez93fe3
272,Kenneth_Williamson@perez.com,19540310,36169599,Kenneth,Williamson,True,Williamson2b72a
273,William_Armstrong@richards.net,19641118,2511 9611,William,Armstrong,True,Armstronge8b45
274,Bruce_Browning@robertson-baldwin.com,19631113,22984503,Bruce,Browning,True,Browning1f631
275,Shannon_Gilbert@brown-schaefer.com,19920613,34472903,Shannon,Gilbert,True,Gilbertcba39
276,Amanda_Brown@williams.com,19541218,52400391,Amanda,Brown,True,Browncde99
277,Pedro_Mitchell@sims.com,19610927,9959 5743,Pedro,Mitchell,True,Mitchell31c89
278,Riley_Gomez@hoffman.com,19810211,20838807,Riley,Gomez,True,Gomez010a6
279,Shelby_Price@fuller.net,19860807,74350543,Shelby,Price,True,Pricee8f96
280,Scott_Harris@mullins.com,19901214,36307567,Scott,Harris,True,Harrisfc222
281,Bonnie_Franklin@gillespie.com,19880714,22008807,Bonnie,Franklin,True,Franklinf8d94
282,Ashley_Morris@marshall.net,20021001,13085855,Ashley,Morris,True,Morris73a97
283,Christopher_Stark@blackwell.com,19710307,9471 6219,Christopher,Stark,True,Stark91945
284,Vanessa_Johnson@barber.com,19601019,8923 6567,Vanessa,Johnson,True,Johnson8fef3
285,Jack_Jensen@kent-williamson.net,19601229,93571087,Jack,Jensen,True,Jensen676e2
286,Daniel_Armstrong@brown.com,19820714,18991247,Daniel,Armstrong,True,Armstrongf79a4
287,Susan_Donovan@jordan-anderson.com,19690130,85222335,Susan,Donovan,True,Donovan6c619
288,Michael_Serrano@turner-maldonado.com,19820711,1279 2543,Michael,Serrano,True,Serrano1ec7e
289,Michael_Powell@mccall.com,19941127,63894311,Michael,Powell,True,Powell4f74d
290,Alexander_Lowe@morris.com,19610508,93074023,Alexander,Lowe,True,Lowe73be1
